Workbook

Sheet RIEPILOGO PARTITE
A1: GIOCATORI | F1: 1 GIORNATA | J1: Totale | K1: 2 GIORNATA | O1: Totale | P1: 3 GIORNATA | T1: Totale | U1: 4 GIORNATA | Y1: Totale | Z1: 5 GIORNATA | AD1: Totale
A2: GIOCATORI | B2: CAT. | C2: HDP+5 PER LE DONNE | D2: totale hdp x 4 partite | E2: AS | F2: 1 | G2: 2 | H2: 3 | I2: 4 | K2: 1 | L2: 2 | M2: 3 | N2: 4 | P2: 1 | Q2: 2 | R2: 3 | S2: 4 | U2: 1 | V2: 2 | W2: 3 | X2: 4 | Z2: 1 | AA2: 2 | AB2: 3 | AC2: 4 | AE2: TOTALE Scratch | AF2: HPD-totale | AG2: TOLE+HDP
A3: Prvovenzi Tino | B3: M/A | C3: 0 | D3: =C3*4 -> 0 | E3: Cobra | F3: 208 | G3: 224 | H3: 188 | I3: 181 | J3: =SUM(F3:I3)+D3 -> 801 | K3: 182 | L3: 187 | M3: 181 | N3: 183 | O3: =SUM(K3:N3)+D3 -> 733 | P3: 162 | Q3: 202 | R3: 185 | S3: 192 | T3: =SUM(P3:S3)+D3 -> 741 | Y3: =SUM(U3:X3)+D3 -> 0 | AD3: =SUM(Z3:AC3)+D3 -> 0 | AE3: =SUM(F3+G3+H3+I3+K3+L3+M3+N3+P3+Q3+R3+S3+U3+V3+W3+X3+Z3+AA3+AB3+AC3) -> 2275 | AF3: =C3*20 -> 0 | AG3: =AE3+AF3 -> 2275
A4: Erario Carlo | B4: M/A | C4: 0 | D4: =C4*4 -> 0 | E4: Cobra | F4: 195 | G4: 257 | H4: 196 | I4: 236 | J4: =SUM(F4:I4)+D4 -> 884 | K4: 213 | L4: 236 | M4: 177 | N4: 201 | O4: =K4+L4+M4+N4+D4 -> 827 | P4: 202 | Q4: 246 | R4: 172 | S4: 196 | T4: =SUM(P4:S4)+D4 -> 816 | Y4: =SUM(U4:X4)+D4 -> 0 | AD4: =SUM(Z4:AC4)+D4 -> 0 | AE4: =SUM(F4+G4+H4+I4+K4+L4+M4+N4+P4+Q4+R4+S4+U4+V4+W4+X4+Z4+AA4+AB4+AC4) -> 2527 | AF4: =C4*20 -> 0 | AG4: =AE4+AF4 -> 2527
A5: Cafaro Giovanni | B5: M/B | C5: 5 | D5: =C5*4 -> 20 | E5: Cobra | F5: 182 | G5: 181 | H5: 217 | I5: 211 | J5: =SUM(F5:I5)+D5 -> 811 | K5: 194 | L5: 190 | M5: 267 | N5: 215 | O5: =K5+L5+M5+N5+D5 -> 886 | P5: 175 | Q5: 168 | R5: 169 | S5: 218 | T5: =SUM(P5:S5)+D5 -> 750 | Y5: =SUM(U5:X5)+D5 -> 20 | AD5: =SUM(Z5:AC5)+D5 -> 20 | AE5: =SUM(F5+G5+H5+I5+K5+L5+M5+N5+P5+Q5+R5+S5+U5+V5+W5+X5+Z5+AA5+AB5+AC5) -> 2387 | AF5: =C5*20 -> 100 | AG5: =AE5+AF5 -> 2487
A6: Brunati Luigi | B6: M/C | C6: 10 | D6: =C6*4 -> 40 | E6: Silver Horse | F6: 258 | G6: 220 | H6: 171 | I6: 203 | J6: =SUM(F6:I6)+D6 -> 892 | K6: 150 | L6: 155 | M6: 182 | N6: 136 | O6: =K6+L6+M6+N6+D6 -> 663 | P6: 174 | Q6: 159 | R6: 178 | S6: 160 | T6: =SUM(P6:S6)+D6 -> 711 | U6: 188 | V6: 239 | W6: 185 | X6: 159 | Y6: =SUM(U6:X6)+D6 -> 811 | AD6: =SUM(Z6:AC6)+D6 -> 40 | AE6: =SUM(F6+G6+H6+I6+K6+L6+M6+N6+P6+Q6+R6+S6+U6+V6+W6+X6+Z6+AA6+AB6+AC6) -> 2917 | AF6: =C6*20 -> 200 | AG6: =AE6+AF6 -> 3117
A7: Presta Antonio | B7: M/C | C7: 10 | D7: =C7*4 -> 40 | E7: Silver Horse | F7: 170 | G7: 166 | H7: 173 | I7: 157 | J7: =SUM(F7:I7)+D7 -> 706 | K7: 199 | L7: 185 | M7: 164 | N7: 154 | O7: =K7+L7+M7+N7+D7 -> 742 | P7: 146 | Q7: 118 | R7: 161 | S7: 180 | T7: =SUM(P7:S7)+D7 -> 645 | U7: 194 | V7: 192 | W7: 170 | X7: 146 | Y7: =SUM(U7:X7)+D7 -> 742 | AD7: =SUM(Z7:AC7)+D7 -> 40 | AE7: =SUM(F7+G7+H7+I7+K7+L7+M7+N7+P7+Q7+R7+S7+U7+V7+W7+X7+Z7+AA7+AB7+AC7) -> 2675 | AF7: =C7*20 -> 200 | AG7: =AE7+AF7 -> 2875
A8: Moscardi Antonio | B8: M/C | C8: 10 | D8: =C8*4 -> 40 | E8: Silver Horse | F8: 152 | G8: 219 | H8: 235 | I8: 168 | J8: =SUM(F8:I8)+D8 -> 814 | K8: 235 | L8: 200 | M8: 140 | N8: 144 | O8: =K8+L8+M8+N8+D8 -> 759 | P8: 162 | Q8: 176 | R8: 144 | S8: 166 | T8: =SUM(P8:S8)+D8 -> 688 | U8: 158 | V8: 175 | W8: 182 | X8: 166 | Y8: =SUM(U8:X8)+D8 -> 721 | AD8: =SUM(Z8:AC8)+D8 -> 40 | AE8: =SUM(F8+G8+H8+I8+K8+L8+M8+N8+P8+Q8+R8+S8+U8+V8+W8+X8+Z8+AA8+AB8+AC8) -> 2822 | AF8: =C8*20 -> 200 | AG8: =AE8+AF8 -> 3022
A9: Radice Mario | B9: M/C | C9: 10 | D9: =C9*4 -> 40 | E9: Silver Horse | F9: 179 | G9: 161 | H9: 186 | I9: 163 | J9: =SUM(F9:I9)+D9 -> 729 | K9: 204 | L9: 166 | M9: 157 | N9: 181 | O9: =K9+L9+M9+N9+D9 -> 748 | P9: 179 | Q9: 199 | R9: 212 | S9: 161 | T9: =SUM(P9:S9)+D9 -> 791 | U9: 167 | V9: 192 | W9: 169 | X9: 190 | Y9: =SUM(U9:X9)+D9 -> 758 | AD9: =SUM(Z9:AC9)+D9 -> 40 | AE9: =SUM(F9+G9+H9+I9+K9+L9+M9+N9+P9+Q9+R9+S9+U9+V9+W9+X9+Z9+AA9+AB9+AC9) -> 2866 | AF9: =C9*20 -> 200 | AG9: =AE9+AF9 -> 3066
A10: Reduzzi Stefania | B10: F/B | C10: 20 | D10: =C10*4 -> 80 | E10: Phoenix | F10: 182 | G10: 141 | H10: 160 | I10: 180 | J10: =SUM(F10:I10)+D10 -> 743 | K10: 149 | L10: 145 | M10: 188 | N10: 131 | O10: =K10+L10+M10+N10+D10 -> 693 | P10: 148 | Q10: 155 | R10: 190 | S10: 160 | T10: =SUM(P10:S10)+D10 -> 733 | U10: 148 | V10: 114 | W10: 157 | X10: 158 | Y10: =SUM(U10:X10)+D10 -> 657 | AD10: =SUM(Z10:AC10)+D10 -> 80 | AE10: =SUM(F10+G10+H10+I10+K10+L10+M10+N10+P10+Q10+R10+S10+U10+V10+W10+X10+Z10+AA10+AB10+AC10) -> 2506 | AF10: =C10*20 -> 400 | AG10: =AE10+AF10 -> 2906
A11: Maroni Michela | B11: F/D | C11: 30 | D11: =C11*4 -> 120 | E11: Phoenix | F11: 139 | G11: 143 | H11: 135 | I11: 142 | J11: =SUM(F11:I11)+D11 -> 679 | K11: 146 | L11: 189 | M11: 163 | N11: 166 | O11: =K11+L11+M11+N11+D11 -> 784 | P11: 161 | Q11: 132 | R11: 152 | S11: 138 | T11: =SUM(P11:S11)+D11 -> 703 | U11: 101 | V11: 135 | W11: 140 | X11: 157 | Y11: =SUM(U11:X11)+D11 -> 653 | AD11: =SUM(Z11:AC11)+D11 -> 120 | AE11: =SUM(F11+G11+H11+I11+K11+L11+M11+N11+P11+Q11+R11+S11+U11+V11+W11+X11+Z11+AA11+AB11+AC11) -> 2339 | AF11: =C11*20 -> 600 | AG11: =AE11+AF11 -> 2939
A12: Ditommaso Davide | B12: M/C | C12: 10 | D12: =C12*4 -> 40 | E12: Phoenix | F12: 152 | G12: 157 | H12: 145 | I12: 164 | J12: =SUM(F12:I12)+D12 -> 658 | K12: 201 | L12: 148 | M12: 203 | N12: 190 | O12: =K12+L12+M12+N12+D12 -> 782 | P12: 171 | Q12: 158 | R12: 158 | S12: 192 | T12: =SUM(P12:S12)+D12 -> 719 | U12: 181 | V12: 162 | W12: 165 | X12: 188 | Y12: =SUM(U12:X12)+D12 -> 736 | AD12: =SUM(Z12:AC12)+D12 -> 40 | AE12: =SUM(F12+G12+H12+I12+K12+L12+M12+N12+P12+Q12+R12+S12+U12+V12+W12+X12+Z12+AA12+AB12+AC12) -> 2735 | AF12: =C12*20 -> 200 | AG12: =AE12+AF12 -> 2935
A13: Naimoli Fabrizio | B13: M/A | C13: 0 | D13: =C13*4 -> 0 | E13: Phoenix | F13: 214 | G13: 180 | H13: 223 | I13: 234 | J13: =SUM(F13:I13)+D13 -> 851 | K13: 197 | L13: 247 | M13: 248 | N13: 225 | O13: =K13+L13+M13+N13+D13 -> 917 | P13: 217 | Q13: 214 | R13: 171 | S13: 147 | T13: =SUM(P13:S13)+D13 -> 749 | U13: 185 | V13: 189 | W13: 171 | X13: 230 | Y13: =SUM(U13:X13)+D13 -> 775 | AD13: =SUM(Z13:AC13)+D13 -> 0 | AE13: =SUM(F13+G13+H13+I13+K13+L13+M13+N13+P13+Q13+R13+S13+U13+V13+W13+X13+Z13+AA13+AB13+AC13) -> 3292 | AF13: =C13*20 -> 0 | AG13: =AE13+AF13 -> 3292
A14: Galbiati Fabio | B14: M/A | C14: 0 | D14: =C14*4 -> 0 | E14: Lions | F14: 212 | G14: 242 | H14: 233 | I14: 203 | J14: =SUM(F14:I14)+D14 -> 890 | K14: 184 | L14: 208 | M14: 214 | N14: 251 | O14: =K14+L14+M14+N14+D14 -> 857 | P14: 213 | Q14: 246 | R14: 180 | S14: 179 | T14: =SUM(P14:S14)+D14 -> 818 | Y14: =SUM(U14:X14)+D14 -> 0 | AD14: =SUM(Z14:AC14)+D14 -> 0 | AE14: =SUM(F14+G14+H14+I14+K14+L14+M14+N14+P14+Q14+R14+S14+U14+V14+W14+X14+Z14+AA14+AB14+AC14) -> 2565 | AF14: =C14*20 -> 0 | AG14: =AE14+AF14 -> 2565
A15: Zorzan Marco | B15: M/A | C15: 0 | D15: =C15*4 -> 0 | E15: Lions | F15: 162 | G15: 216 | H15: 247 | I15: 198 | J15: =SUM(F15:I15)+D15 -> 823 | K15: 235 | L15: 268 | M15: 267 | N15: 247 | O15: =K15+L15+M15+N15+D15 -> 1017 | P15: 203 | Q15: 189 | R15: 135 | S15: 118 | T15: =SUM(P15:S15)+D15 -> 645 | Y15: =SUM(U15:X15)+D15 -> 0 | AD15: =SUM(Z15:AC15)+D15 -> 0 | AE15: =SUM(F15+G15+H15+I15+K15+L15+M15+N15+P15+Q15+R15+S15+U15+V15+W15+X15+Z15+AA15+AB15+AC15) -> 2485 | AF15: =C15*20 -> 0 | AG15: =AE15+AF15 -> 2485
A16: Mineo Marco | B16: M/B | C16: 5 | D16: =C16*4 -> 20 | E16: Lions | F16: 244 | G16: 172 | H16: 170 | I16: 213 | J16: =SUM(F16:I16)+D16 -> 819 | K16: 196 | L16: 193 | M16: 169 | N16: 215 | O16: =K16+L16+M16+N16+D16 -> 793 | P16: 178 | Q16: 205 | R16: 185 | S16: 268 | T16: =SUM(P16:S16)+D16 -> 856 | Y16: =SUM(U16:X16)+D16 -> 20 | AD16: =SUM(Z16:AC16)+D16 -> 20 | AE16: =SUM(F16+G16+H16+I16+K16+L16+M16+N16+P16+Q16+R16+S16+U16+V16+W16+X16+Z16+AA16+AB16+AC16) -> 2408 | AF16: =C16*20 -> 100 | AG16: =AE16+AF16 -> 2508
A17: Fecchio Antonio | B17: M/D | C17: 15 | D17: =C17*4 -> 60 | E17: Lions | F17: 113 | G17: 147 | H17: 131 | I17: 187 | J17: =SUM(F17:I17)+D17 -> 638 | K17: 137 | L17: 155 | M17: 148 | N17: 146 | O17: =K17+L17+M17+N17+D17 -> 646 | P17: 131 | Q17: 124 | R17: 128 | S17: 169 | T17: =SUM(P17:S17)+D17 -> 612 | Y17: =SUM(U17:X17)+D17 -> 60 | AD17: =SUM(Z17:AC17)+D17 -> 60 | AE17: =SUM(F17+G17+H17+I17+K17+L17+M17+N17+P17+Q17+R17+S17+U17+V17+W17+X17+Z17+AA17+AB17+AC17) -> 1716 | AF17: =C17*20 -> 300 | AG17: =AE17+AF17 -> 2016
A18: Lamberti Giuseppe | B18: M/C | C18: 10 | D18: =C18*4 -> 40 | E18: Silver Horse | F18: 200 | G18: 166 | H18: 179 | I18: 135 | J18: =SUM(F18:I18)+D18 -> 720 | K18: 156 | L18: 165 | M18: 146 | N18: 143 | O18: =K18+L18+M18+N18+D18 -> 650 | P18: 204 | Q18: 157 | R18: 172 | S18: 212 | T18: =SUM(P18:S18)+D18 -> 785 | Y18: =SUM(U18:X18)+D18 -> 40 | AD18: =SUM(Z18:AC18)+D18 -> 40 | AE18: =SUM(F18+G18+H18+I18+K18+L18+M18+N18+P18+Q18+R18+S18+U18+V18+W18+X18+Z18+AA18+AB18+AC18) -> 2035 | AF18: =C18*20 -> 200 | AG18: =AE18+AF18 -> 2235
A19: Galli Andrea | B19: M/C | C19: 10 | D19: =C19*4 -> 40 | E19: Silver Horse | F19: 161 | G19: 159 | H19: 202 | I19: 222 | J19: =SUM(F19:I19)+D19 -> 784 | K19: 204 | L19: 189 | M19: 211 | N19: 244 | O19: =K19+L19+M19+N19+D19 -> 888 | P19: 144 | Q19: 181 | R19: 179 | S19: 183 | T19: =SUM(P19:S19)+D19 -> 727 | Y19: =SUM(U19:X19)+D19 -> 40 | AD19: =SUM(Z19:AC19)+D19 -> 40 | AE19: =SUM(F19+G19+H19+I19+K19+L19+M19+N19+P19+Q19+R19+S19+U19+V19+W19+X19+Z19+AA19+AB19+AC19) -> 2279 | AF19: =C19*20 -> 200 | AG19: =AE19+AF19 -> 2479
A20: De Meo Mchele | B20: M/eso | C20: 25 | D20: =C20*4 -> 100 | E20: Silver Horse | F20: 159 | G20: 157 | H20: 245 | I20: 189 | J20: =SUM(F20:I20)+D20 -> 850 | K20: 181 | L20: 183 | M20: 199 | N20: 195 | O20: =K20+L20+M20+N20+D20 -> 858 | P20: 151 | Q20: 208 | R20: 194 | S20: 213 | T20: =SUM(P20:S20)+D20 -> 866 | Y20: =SUM(U20:X20)+D20 -> 100 | AD20: =SUM(Z20:AC20)+D20 -> 100 | AE20: =SUM(F20+G20+H20+I20+K20+L20+M20+N20+P20+Q20+R20+S20+U20+V20+W20+X20+Z20+AA20+AB20+AC20) -> 2274 | AF20: =C20*20 -> 500 | AG20: =AE20+AF20 -> 2774
A21: Carovana Daniela | B21: F/C | C21: 25 | D21: =C21*4 -> 100 | E21: Lions | F21: 139 | G21: 150 | H21: 149 | I21: 148 | J21: =SUM(F21:I21)+D21 -> 686 | K21: 131 | L21: 160 | M21: 156 | N21: 166 | O21: =K21+L21+M21+N21+D21 -> 713 | P21: 168 | Q21: 172 | R21: 151 | S21: 128 | T21: =SUM(P21:S21)+D21 -> 719 | Y21: =SUM(U21:X21)+D21 -> 100 | AD21: =SUM(Z21:AC21)+D21 -> 100 | AE21: =SUM(F21+G21+H21+I21+K21+L21+M21+N21+P21+Q21+R21+S21+U21+V21+W21+X21+Z21+AA21+AB21+AC21) -> 1818 | AF21: =C21*20 -> 500 | AG21: =AE21+AF21 -> 2318
A22: GalifI Croberto | B22: M/C | C22: 10 | D22: =C22*4 -> 40 | E22: Cobra | F22: 165 | G22: 140 | H22: 162 | I22: 131 | J22: =SUM(F22:I22)+D22 -> 638 | K22: 175 | L22: 147 | M22: 170 | N22: 181 | O22: =K22+L22+M22+N22+D22 -> 713 | P22: 155 | Q22: 142 | R22: 164 | S22: 178 | T22: =SUM(P22:S22)+D22 -> 679 | Y22: =SUM(U22:X22)+D22 -> 40 | AD22: =SUM(Z22:AC22)+D22 -> 40 | AE22: =SUM(F22+G22+H22+I22+K22+L22+M22+N22+P22+Q22+R22+S22+U22+V22+W22+X22+Z22+AA22+AB22+AC22) -> 1910 | AF22: =C22*20 -> 200 | AG22: =AE22+AF22 -> 2110
A23: Di Mauro Duilio | B23: M/C | C23: 10 | D23: =C23*4 -> 40 | E23: Cobra | F23: 197 | G23: 213 | H23: 164 | I23: 222 | J23: =SUM(F23:I23)+D23 -> 836 | K23: 181 | L23: 204 | M23: 183 | N23: 204 | O23: =K23+L23+M23+N23+D23 -> 812 | P23: 167 | Q23: 194 | R23: 221 | S23: 171 | T23: =SUM(P23:S23)+D23 -> 793 | Y23: =SUM(U23:X23)+D23 -> 40 | AD23: =SUM(Z23:AC23)+D23 -> 40 | AE23: =SUM(F23+G23+H23+I23+K23+L23+M23+N23+P23+Q23+R23+S23+U23+V23+W23+X23+Z23+AA23+AB23+AC23) -> 2321 | AF23: =C23*20 -> 200 | AG23: 2521
A24: Ligato Massimo | B24: M/B | C24: 5 | D24: =C24*4 -> 20 | E24: Cobra | F24: 190 | G24: 203 | H24: 224 | I24: 236 | J24: =SUM(F24:I24)+D24 -> 873 | K24: 157 | L24: 183 | M24: 223 | N24: 192 | O24: =K24+L24+M24+N24+D24 -> 775 | P24: 202 | Q24: 157 | R24: 169 | S24: 218 | T24: =SUM(P24:S24)+D24 -> 766 | Y24: =SUM(U24:X24)+D24 -> 20 | AD24: =SUM(Z24:AC24)+D24 -> 20 | AE24: =SUM(F24+G24+H24+I24+K24+L24+M24+N24+P24+Q24+R24+S24+U24+V24+W24+X24+Z24+AA24+AB24+AC24) -> 2354 | AF24: =C24*20 -> 100 | AG24: =AE24+AF24 -> 2454
A25: Ligato Luca | B25: M/AM | C25: 30 | D25: =C25*4 -> 120 | E25: Cobra | F25: 144 | G25: 166 | H25: 167 | I25: 163 | J25: =SUM(F25:I25)+D25 -> 760 | K25: 162 | L25: 159 | M25: 143 | N25: 143 | O25: =K25+L25+M25+N25+D25 -> 727 | P25: 144 | Q25: 149 | R25: 169 | S25: 177 | T25: =SUM(P25:S25)+D25 -> 759 | Y25: =SUM(U25:X25)+D25 -> 120 | AD25: =SUM(Z25:AC25)+D25 -> 120 | AE25: =SUM(F25+G25+H25+I25+K25+L25+M25+N25+P25+Q25+R25+S25+U25+V25+W25+X25+Z25+AA25+AB25+AC25) -> 1886 | AF25: =C25*20 -> 600 | AG25: =AE25+AF25 -> 2486
A26: Ligato Andrea | B26: M/A | C26: 0 | D26: =C26*4 -> 0 | E26: Cobra | F26: 205 | G26: 225 | H26: 257 | I26: 237 | J26: =SUM(F26:I26)+D26 -> 924 | K26: 180 | L26: 172 | M26: 232 | N26: 231 | O26: =K26+L26+M26+N26+D26 -> 815 | T26: =SUM(P26:S26)+D26 -> 0 | Y26: =SUM(U26:X26)+D26 -> 0 | AD26: =SUM(Z26:AC26)+D26 -> 0 | AE26: =SUM(F26+G26+H26+I26+K26+L26+M26+N26+P26+Q26+R26+S26+U26+V26+W26+X26+Z26+AA26+AB26+AC26) -> 1739 | AF26: =C26*20 -> 0 | AG26: =AE26+AF26 -> 1739
A27: Dennis Labasan | B27: M/A | C27: 0 | D27: =C27*4 -> 0 | E27: Cobra | F27: 184 | G27: 203 | H27: 191 | I27: 249 | J27: =SUM(F27:I27)+D27 -> 827 | K27: 224 | L27: 238 | M27: 202 | N27: 181 | O27: =K27+L27+M27+N27+D27 -> 845 | P27: 158 | Q27: 204 | R27: 159 | S27: 194 | T27: =SUM(P27:S27)+D27 -> 715 | U27: 223 | V27: 201 | W27: 256 | X27: 202 | Y27: =SUM(U27:X27)+D27 -> 882 | AD27: =SUM(Z27:AC27)+D27 -> 0 | AE27: =SUM(F27+G27+H27+I27+K27+L27+M27+N27+P27+Q27+R27+S27+U27+V27+W27+X27+Z27+AA27+AB27+AC27) -> 3269 | AF27: =C27*20 -> 0 | AG27: 2387
A28: De Castro Aileen | B28: F/D | C28: 30 | D28: =C28*4 -> 120 | E28: Cobra | F28: 149 | G28: 182 | H28: 178 | I28: 148 | J28: =SUM(F28:I28)+D28 -> 777 | K28: 152 | L28: 162 | M28: 164 | N28: 117 | O28: =K28+L28+M28+N28+D28 -> 715 | P28: 131 | Q28: 163 | R28: 135 | S28: 167 | T28: =SUM(P28:S28)+D28 -> 716 | U28: 168 | V28: 146 | W28: 169 | X28: 159 | Y28: =SUM(U28:X28)+D28 -> 762 | AD28: =SUM(Z28:AC28)+D28 -> 120 | AE28: =SUM(F28+G28+H28+I28+K28+L28+M28+N28+P28+Q28+R28+S28+U28+V28+W28+X28+Z28+AA28+AB28+AC28) -> 2490 | AF28: =C28*20 -> 600 | AG28: =AE28+AF28 -> 3090
A29: De Castro Ronaldo | B29: M/C | C29: 10 | D29: =C29*4 -> 40 | E29: Cobra | F29: 200 | G29: 203 | H29: 186 | I29: 179 | J29: =SUM(F29:I29)+D29 -> 808 | K29: 154 | L29: 244 | M29: 214 | N29: 219 | O29: =K29+L29+M29+N29+D29 -> 871 | P29: 128 | Q29: 148 | R29: 212 | S29: 168 | T29: =SUM(P29:S29)+D29 -> 696 | U29: 152 | V29: 196 | W29: 188 | X29: 164 | Y29: =SUM(U29:X29)+D29 -> 740 | AD29: =SUM(Z29:AC29)+D29 -> 40 | AE29: =SUM(F29+G29+H29+I29+K29+L29+M29+N29+P29+Q29+R29+S29+U29+V29+W29+X29+Z29+AA29+AB29+AC29) -> 2955 | AF29: =C29*20 -> 200 | AG29: 3115
A30: Precedes Cabral | B30: F/B | C30: 20 | D30: =C30*4 -> 80 | E30: Cobra | F30: 181 | G30: 192 | H30: 160 | I30: 156 | J30: =SUM(F30:I30)+D30 -> 769 | K30: 188 | L30: 161 | M30: 214 | N30: 182 | O30: =K30+L30+M30+N30+D30 -> 825 | P30: 167 | Q30: 159 | R30: 225 | S30: 178 | T30: =SUM(P30:S30)+D30 -> 809 | Y30: =SUM(U30:X30)+D30 -> 80 | AD30: =SUM(Z30:AC30)+D30 -> 80 | AE30: =SUM(F30+G30+H30+I30+K30+L30+M30+N30+P30+Q30+R30+S30+U30+V30+W30+X30+Z30+AA30+AB30+AC30) -> 2163 | AF30: =C30*20 -> 400 | AG30: =AE30+AF30 -> 2563
A31: Ana Maria Abante | B31: F/B | C31: 20 | D31: =C31*4 -> 80 | E31: Cobra | F31: 166 | G31: 154 | H31: 156 | I31: 174 | J31: =SUM(F31:I31)+D31 -> 730 | K31: 173 | L31: 165 | M31: 161 | N31: 183 | O31: =K31+L31+M31+N31+D31 -> 762 | P31: 123 | Q31: 210 | R31: 133 | S31: 147 | T31: =SUM(P31:S31)+D31 -> 693 | Y31: =SUM(U31:X31)+D31 -> 80 | AD31: =SUM(Z31:AC31)+D31 -> 80 | AE31: =SUM(F31+G31+H31+I31+K31+L31+M31+N31+P31+Q31+R31+S31+U31+V31+W31+X31+Z31+AA31+AB31+AC31) -> 1945 | AF31: =C31*20 -> 400 | AG31: 1945
A32: Paul Russel Es | B32: M/C | C32: 10 | D32: =C32*4 -> 40 | E32: Cobra | F32: 186 | G32: 190 | H32: 212 | I32: 240 | J32: =SUM(F32:I32)+D32 -> 868 | K32: 212 | L32: 226 | M32: 236 | N32: 207 | O32: =K32+L32+M32+N32+D32 -> 921 | P32: 203 | Q32: 169 | R32: 165 | S32: 146 | T32: =SUM(P32:S32)+D32 -> 723 | U32: 184 | V32: 151 | W32: 153 | X32: 194 | Y32: =SUM(U32:X32)+D32 -> 722 | AD32: =SUM(Z32:AC32)+D32 -> 40 | AE32: =SUM(F32+G32+H32+I32+K32+L32+M32+N32+P32+Q32+R32+S32+U32+V32+W32+X32+Z32+AA32+AB32+AC32) -> 3074 | AF32: =C32*20 -> 200 | AG32: 3234
A33: Zica Virginia | B33: F/D | C33: 30 | D33: =C33*4 -> 120 | E33: Insubria | F33: 154 | G33: 159 | H33: 166 | I33: 144 | J33: =SUM(F33:I33)+D33 -> 743 | K33: 112 | L33: 156 | M33: 139 | N33: 163 | O33: =K33+L33+M33+N33+D33 -> 690 | P33: 136 | Q33: 90 | R33: 133 | S33: 135 | T33: =SUM(P33:S33)+D33 -> 614 | Y33: =SUM(U33:X33)+D33 -> 120 | AD33: =SUM(Z33:AC33)+D33 -> 120 | AE33: =SUM(F33+G33+H33+I33+K33+L33+M33+N33+P33+Q33+R33+S33+U33+V33+W33+X33+Z33+AA33+AB33+AC33) -> 1687 | AF33: =C33*20 -> 600 | AG33: =AE33+AF33 -> 2287
A34: Esposito Gennaro | B34: M/D | C34: 15 | D34: =C34*4 -> 60 | E34: Pegaso | F34: 155 | G34: 193 | H34: 167 | I34: 182 | J34: =SUM(F34:I34)+D34 -> 757 | K34: 179 | L34: 192 | M34: 148 | N34: 140 | O34: =K34+L34+M34+N34+D34 -> 719 | P34: 166 | Q34: 168 | R34: 131 | S34: 139 | T34: =SUM(P34:S34)+D34 -> 664 | Y34: =SUM(U34:X34)+D34 -> 60 | AD34: =SUM(Z34:AC34)+D34 -> 60 | AE34: =SUM(F34+G34+H34+I34+K34+L34+M34+N34+P34+Q34+R34+S34+U34+V34+W34+X34+Z34+AA34+AB34+AC34) -> 1960 | AF34: =C34*20 -> 300 | AG34: =AE34+AF34 -> 2260
A35: Mollica MeMè | B35: F/B | C35: 20 | D35: =C35*4 -> 80 | E35: Phoenix | F35: 221 | G35: 168 | H35: 169 | I35: 184 | J35: =SUM(F35:I35)+D35 -> 822 | K35: 138 | L35: 156 | M35: 167 | N35: 158 | O35: =K35+L35+M35+N35+D35 -> 699 | P35: 167 | Q35: 180 | R35: 172 | S35: 190 | T35: =SUM(P35:S35)+D35 -> 789 | Y35: =SUM(U35:X35)+D35 -> 80 | AD35: =SUM(Z35:AC35)+D35 -> 80 | AE35: =SUM(F35+G35+H35+I35+K35+L35+M35+N35+P35+Q35+R35+S35+U35+V35+W35+X35+Z35+AA35+AB35+AC35) -> 2070 | AF35: =C35*20 -> 400 | AG35: =AE35+AF35 -> 2470
A36: Giuffrida Alfio | B36: M/C | C36: 10 | D36: =C36*4 -> 40 | E36: Cobra | F36: 134 | G36: 192 | H36: 182 | I36: 159 | J36: =SUM(F36:I36)+D36 -> 707 | K36: 148 | L36: 166 | M36: 186 | N36: 169 | O36: =K36+L36+M36+N36+D36 -> 709 | T36: =SUM(P36:S36)+D36 -> 40 | Y36: =SUM(U36:X36)+D36 -> 40 | AD36: =SUM(Z36:AC36)+D36 -> 40 | AE36: =SUM(F36+G36+H36+I36+K36+L36+M36+N36+P36+Q36+R36+S36+U36+V36+W36+X36+Z36+AA36+AB36+AC36) -> 1336 | AF36: =C36*20 -> 200 | AG36: =AE36+AF36 -> 1536
A37: Alessandro Delcarmine | B37: M/A | C37: 0 | D37: 0 | E37: Cobra | F37: 256 | G37: 235 | H37: 227 | I37: 185 | J37: =SUM(F37:I37)+D37 -> 903 | K37: 227 | L37: 223 | M37: 290 | N37: 236 | O37: =K37+L37+M37+N37+D37 -> 976 | T37: =SUM(P37:S37)+D37 -> 0 | Y37: =SUM(U37:X37)+D37 -> 0 | AD37: =SUM(Z37:AC37)+D37 -> 0 | AE37: =SUM(F37+G37+H37+I37+K37+L37+M37+N37+P37+Q37+R37+S37+U37+V37+W37+X37+Z37+AA37+AB37+AC37) -> 1879 | AF37: =C37*20 -> 0 | AG37: =AE37+AF37 -> 1879
A38: Redaelli Roberto | B38: M/B | C38: 5 | D38: 20 | E38: Phoenix | F38: 181 | G38: 190 | H38: 193 | I38: 206 | J38: =SUM(F38:I38)+D38 -> 790 | K38: 246 | L38: 203 | M38: 200 | N38: 182 | O38: =K38+L38+M38+N38+D38 -> 851 | P38: 218 | Q38: 215 | R38: 185 | S38: 188 | T38: =SUM(P38:S38)+D38 -> 826 | U38: 213 | V38: 181 | W38: 217 | X38: 190 | Y38: =SUM(U38:X38)+D38 -> 821 | AD38: =SUM(Z38:AC38)+D38 -> 20 | AE38: =SUM(F38+G38+H38+I38+K38+L38+M38+N38+P38+Q38+R38+S38+U38+V38+W38+X38+Z38+AA38+AB38+AC38) -> 3208 | AF38: =C38*20 -> 100 | AG38: =AE38+AF38 -> 3308

Sheet RIEPIOGO TOTALI
A1: GIOCATORI | B1: CAT. | C1: HDP+5 PER LE DONNE | D1: totale hdp x 4 partite | E1: AS | F1: 1 | G1: 2 | H1: 3 | I1: 4 | J1: 5 | K1: TOTALE CON HDP | L1: classifica
A2: Ligato Andrea | B2: M/A | C2: 0 | D2: =C2*4 -> 0 | E2: Cobra | F2: =VLOOKUP('RIEPIOGO TOTALI'!A2,'RIEPILOGO PARTITE'!A:AG,10,0) -> 924 | G2: =VLOOKUP('RIEPIOGO TOTALI'!A2,'RIEPILOGO PARTITE'!A:AG,15,0) -> 815 | H2: =VLOOKUP('RIEPIOGO TOTALI'!A2,'RIEPILOGO PARTITE'!A:AG,20,0) -> 0 | I2: =VLOOKUP('RIEPIOGO TOTALI'!A2,'RIEPILOGO PARTITE'!A:AG,25,0) -> 0 | J2: =VLOOKUP('RIEPIOGO TOTALI'!A2,'RIEPILOGO PARTITE'!A:AG,30,0) -> 0 | K2: =VLOOKUP('RIEPIOGO TOTALI'!A2,'RIEPILOGO PARTITE'!A:AG,33,0) -> 1739 | L2: =_xlfn.RANK.EQ(K2,K$2:K$37) -> 35
A3: Alessandro Delcarmine | B3: M/A | C3: 0 | D3: 0 | E3: Cobra | F3: =VLOOKUP('RIEPIOGO TOTALI'!A3,'RIEPILOGO PARTITE'!A:AG,10,0) -> 903 | G3: =VLOOKUP('RIEPIOGO TOTALI'!A3,'RIEPILOGO PARTITE'!A:AG,15,0) -> 976 | H3: =VLOOKUP('RIEPIOGO TOTALI'!A3,'RIEPILOGO PARTITE'!A:AG,20,0) -> 0 | I3: =VLOOKUP('RIEPIOGO TOTALI'!A3,'RIEPILOGO PARTITE'!A:AG,25,0) -> 0 | J3: =VLOOKUP('RIEPIOGO TOTALI'!A3,'RIEPILOGO PARTITE'!A:AG,30,0) -> 0 | K3: =VLOOKUP('RIEPIOGO TOTALI'!A3,'RIEPILOGO PARTITE'!A:AG,33,0) -> 1879 | L3: =_xlfn.RANK.EQ(K3,K$2:K$37) -> 34
A4: Brunati Luigi | B4: M/C | C4: 10 | D4: =C4*4 -> 40 | E4: Silver Horse | F4: =VLOOKUP('RIEPIOGO TOTALI'!A4,'RIEPILOGO PARTITE'!A:AG,10,0) -> 892 | G4: =VLOOKUP('RIEPIOGO TOTALI'!A4,'RIEPILOGO PARTITE'!A:AG,15,0) -> 663 | H4: =VLOOKUP('RIEPIOGO TOTALI'!A4,'RIEPILOGO PARTITE'!A:AG,20,0) -> 711 | I4: =VLOOKUP('RIEPIOGO TOTALI'!A4,'RIEPILOGO PARTITE'!A:AG,25,0) -> 811 | J4: =VLOOKUP('RIEPIOGO TOTALI'!A4,'RIEPILOGO PARTITE'!A:AG,30,0) -> 40 | K4: =VLOOKUP('RIEPIOGO TOTALI'!A4,'RIEPILOGO PARTITE'!A:AG,33,0) -> 3117 | L4: =_xlfn.RANK.EQ(K4,K$2:K$37) -> 4
A5: Galbiati Fabio | B5: M/A | C5: 0 | D5: =C5*4 -> 0 | E5: Lions | F5: =VLOOKUP('RIEPIOGO TOTALI'!A5,'RIEPILOGO PARTITE'!A:AG,10,0) -> 890 | G5: =VLOOKUP('RIEPIOGO TOTALI'!A5,'RIEPILOGO PARTITE'!A:AG,15,0) -> 857 | H5: =VLOOKUP('RIEPIOGO TOTALI'!A5,'RIEPILOGO PARTITE'!A:AG,20,0) -> 818 | I5: =VLOOKUP('RIEPIOGO TOTALI'!A5,'RIEPILOGO PARTITE'!A:AG,25,0) -> 0 | J5: =VLOOKUP('RIEPIOGO TOTALI'!A5,'RIEPILOGO PARTITE'!A:AG,30,0) -> 0 | K5: =VLOOKUP('RIEPIOGO TOTALI'!A5,'RIEPILOGO PARTITE'!A:AG,33,0) -> 2565 | L5: =_xlfn.RANK.EQ(K5,K$2:K$37) -> 14
A6: Erario Carlo | B6: M/A | C6: 0 | D6: =C6*4 -> 0 | E6: Cobra | F6: =VLOOKUP('RIEPIOGO TOTALI'!A6,'RIEPILOGO PARTITE'!A:AG,10,0) -> 884 | G6: =VLOOKUP('RIEPIOGO TOTALI'!A6,'RIEPILOGO PARTITE'!A:AG,15,0) -> 827 | H6: =VLOOKUP('RIEPIOGO TOTALI'!A6,'RIEPILOGO PARTITE'!A:AG,20,0) -> 816 | I6: =VLOOKUP('RIEPIOGO TOTALI'!A6,'RIEPILOGO PARTITE'!A:AG,25,0) -> 0 | J6: =VLOOKUP('RIEPIOGO TOTALI'!A6,'RIEPILOGO PARTITE'!A:AG,30,0) -> 0 | K6: =VLOOKUP('RIEPIOGO TOTALI'!A6,'RIEPILOGO PARTITE'!A:AG,33,0) -> 2527 | L6: =_xlfn.RANK.EQ(K6,K$2:K$37) -> 16
A7: Ligato Massimo | B7: M/B | C7: 5 | D7: =C7*4 -> 20 | E7: Cobra | F7: =VLOOKUP('RIEPIOGO TOTALI'!A7,'RIEPILOGO PARTITE'!A:AG,10,0) -> 873 | G7: =VLOOKUP('RIEPIOGO TOTALI'!A7,'RIEPILOGO PARTITE'!A:AG,15,0) -> 775 | H7: =VLOOKUP('RIEPIOGO TOTALI'!A7,'RIEPILOGO PARTITE'!A:AG,20,0) -> 766 | I7: =VLOOKUP('RIEPIOGO TOTALI'!A7,'RIEPILOGO PARTITE'!A:AG,25,0) -> 20 | J7: =VLOOKUP('RIEPIOGO TOTALI'!A7,'RIEPILOGO PARTITE'!A:AG,30,0) -> 20 | K7: =VLOOKUP('RIEPIOGO TOTALI'!A7,'RIEPILOGO PARTITE'!A:AG,33,0) -> 2454 | L7: =_xlfn.RANK.EQ(K7,K$2:K$37) -> 24
A8: Paul Russel Es | B8: M/C | C8: 10 | D8: =C8*4 -> 40 | E8: Cobra | F8: =VLOOKUP('RIEPIOGO TOTALI'!A8,'RIEPILOGO PARTITE'!A:AG,10,0) -> 868 | G8: =VLOOKUP('RIEPIOGO TOTALI'!A8,'RIEPILOGO PARTITE'!A:AG,15,0) -> 921 | H8: =VLOOKUP('RIEPIOGO TOTALI'!A8,'RIEPILOGO PARTITE'!A:AG,20,0) -> 723 | I8: =VLOOKUP('RIEPIOGO TOTALI'!A8,'RIEPILOGO PARTITE'!A:AG,25,0) -> 722 | J8: =VLOOKUP('RIEPIOGO TOTALI'!A8,'RIEPILOGO PARTITE'!A:AG,30,0) -> 40 | K8: =VLOOKUP('RIEPIOGO TOTALI'!A8,'RIEPILOGO PARTITE'!A:AG,33,0) -> 3234 | L8: =_xlfn.RANK.EQ(K8,K$2:K$37) -> 3
A9: Naimoli Fabrizio | B9: M/A | C9: 0 | D9: =C9*4 -> 0 | E9: Phoenix | F9: =VLOOKUP('RIEPIOGO TOTALI'!A9,'RIEPILOGO PARTITE'!A:AG,10,0) -> 851 | G9: =VLOOKUP('RIEPIOGO TOTALI'!A9,'RIEPILOGO PARTITE'!A:AG,15,0) -> 917 | H9: =VLOOKUP('RIEPIOGO TOTALI'!A9,'RIEPILOGO PARTITE'!A:AG,20,0) -> 749 | I9: =VLOOKUP('RIEPIOGO TOTALI'!A9,'RIEPILOGO PARTITE'!A:AG,25,0) -> 775 | J9: =VLOOKUP('RIEPIOGO TOTALI'!A9,'RIEPILOGO PARTITE'!A:AG,30,0) -> 0 | K9: =VLOOKUP('RIEPIOGO TOTALI'!A9,'RIEPILOGO PARTITE'!A:AG,33,0) -> 3292 | L9: =_xlfn.RANK.EQ(K9,K$2:K$37) -> 2
A10: De Meo Mchele | B10: M/eso | C10: 25 | D10: =C10*4 -> 100 | E10: Silver Horse | F10: =VLOOKUP('RIEPIOGO TOTALI'!A10,'RIEPILOGO PARTITE'!A:AG,10,0) -> 850 | G10: =VLOOKUP('RIEPIOGO TOTALI'!A10,'RIEPILOGO PARTITE'!A:AG,15,0) -> 858 | H10: =VLOOKUP('RIEPIOGO TOTALI'!A10,'RIEPILOGO PARTITE'!A:AG,20,0) -> 866 | I10: =VLOOKUP('RIEPIOGO TOTALI'!A10,'RIEPILOGO PARTITE'!A:AG,25,0) -> 100 | J10: =VLOOKUP('RIEPIOGO TOTALI'!A10,'RIEPILOGO PARTITE'!A:AG,30,0) -> 100 | K10: =VLOOKUP('RIEPIOGO TOTALI'!A10,'RIEPILOGO PARTITE'!A:AG,33,0) -> 2774 | L10: =_xlfn.RANK.EQ(K10,K$2:K$37) -> 13
A11: Di Mauro Duilio | B11: M/C | C11: 10 | D11: =C11*4 -> 40 | E11: Cobra | F11: =VLOOKUP('RIEPIOGO TOTALI'!A11,'RIEPILOGO PARTITE'!A:AG,10,0) -> 836 | G11: =VLOOKUP('RIEPIOGO TOTALI'!A11,'RIEPILOGO PARTITE'!A:AG,15,0) -> 812 | H11: =VLOOKUP('RIEPIOGO TOTALI'!A11,'RIEPILOGO PARTITE'!A:AG,20,0) -> 793 | I11: =VLOOKUP('RIEPIOGO TOTALI'!A11,'RIEPILOGO PARTITE'!A:AG,25,0) -> 40 | J11: =VLOOKUP('RIEPIOGO TOTALI'!A11,'RIEPILOGO PARTITE'!A:AG,30,0) -> 40 | K11: =VLOOKUP('RIEPIOGO TOTALI'!A11,'RIEPILOGO PARTITE'!A:AG,33,0) -> 2521 | L11: =_xlfn.RANK.EQ(K11,K$2:K$37) -> 17
A12: Dennis Labasan | B12: M/A | C12: 0 | D12: =C12*4 -> 0 | E12: Cobra | F12: =VLOOKUP('RIEPIOGO TOTALI'!A12,'RIEPILOGO PARTITE'!A:AG,10,0) -> 827 | G12: =VLOOKUP('RIEPIOGO TOTALI'!A12,'RIEPILOGO PARTITE'!A:AG,15,0) -> 845 | H12: =VLOOKUP('RIEPIOGO TOTALI'!A12,'RIEPILOGO PARTITE'!A:AG,20,0) -> 715 | I12: =VLOOKUP('RIEPIOGO TOTALI'!A12,'RIEPILOGO PARTITE'!A:AG,25,0) -> 882 | J12: =VLOOKUP('RIEPIOGO TOTALI'!A12,'RIEPILOGO PARTITE'!A:AG,30,0) -> 0 | K12: =VLOOKUP('RIEPIOGO TOTALI'!A12,'RIEPILOGO PARTITE'!A:AG,33,0) -> 2387 | L12: =_xlfn.RANK.EQ(K12,K$2:K$37) -> 25
A13: Zorzan Marco | B13: M/A | C13: 0 | D13: =C13*4 -> 0 | E13: Lions | F13: =VLOOKUP('RIEPIOGO TOTALI'!A13,'RIEPILOGO PARTITE'!A:AG,10,0) -> 823 | G13: =VLOOKUP('RIEPIOGO TOTALI'!A13,'RIEPILOGO PARTITE'!A:AG,15,0) -> 1017 | H13: =VLOOKUP('RIEPIOGO TOTALI'!A13,'RIEPILOGO PARTITE'!A:AG,20,0) -> 645 | I13: =VLOOKUP('RIEPIOGO TOTALI'!A13,'RIEPILOGO PARTITE'!A:AG,25,0) -> 0 | J13: =VLOOKUP('RIEPIOGO TOTALI'!A13,'RIEPILOGO PARTITE'!A:AG,30,0) -> 0 | K13: =VLOOKUP('RIEPIOGO TOTALI'!A13,'RIEPILOGO PARTITE'!A:AG,33,0) -> 2485 | L13: =_xlfn.RANK.EQ(K13,K$2:K$37) -> 21
A14: Mollica MeMè | B14: F/B | C14: 20 | D14: =C14*4 -> 80 | E14: Phoenix | F14: =VLOOKUP('RIEPIOGO TOTALI'!A14,'RIEPILOGO PARTITE'!A:AG,10,0) -> 822 | G14: =VLOOKUP('RIEPIOGO TOTALI'!A14,'RIEPILOGO PARTITE'!A:AG,15,0) -> 699 | H14: =VLOOKUP('RIEPIOGO TOTALI'!A14,'RIEPILOGO PARTITE'!A:AG,20,0) -> 789 | I14: =VLOOKUP('RIEPIOGO TOTALI'!A14,'RIEPILOGO PARTITE'!A:AG,25,0) -> 80 | J14: =VLOOKUP('RIEPIOGO TOTALI'!A14,'RIEPILOGO PARTITE'!A:AG,30,0) -> 80 | K14: =VLOOKUP('RIEPIOGO TOTALI'!A14,'RIEPILOGO PARTITE'!A:AG,33,0) -> 2470 | L14: =_xlfn.RANK.EQ(K14,K$2:K$37) -> 23
A15: Mineo Marco | B15: M/B | C15: 5 | D15: =C15*4 -> 20 | E15: Lions | F15: =VLOOKUP('RIEPIOGO TOTALI'!A15,'RIEPILOGO PARTITE'!A:AG,10,0) -> 819 | G15: =VLOOKUP('RIEPIOGO TOTALI'!A15,'RIEPILOGO PARTITE'!A:AG,15,0) -> 793 | H15: =VLOOKUP('RIEPIOGO TOTALI'!A15,'RIEPILOGO PARTITE'!A:AG,20,0) -> 856 | I15: =VLOOKUP('RIEPIOGO TOTALI'!A15,'RIEPILOGO PARTITE'!A:AG,25,0) -> 20 | J15: =VLOOKUP('RIEPIOGO TOTALI'!A15,'RIEPILOGO PARTITE'!A:AG,30,0) -> 20 | K15: =VLOOKUP('RIEPIOGO TOTALI'!A15,'RIEPILOGO PARTITE'!A:AG,33,0) -> 2508 | L15: =_xlfn.RANK.EQ(K15,K$2:K$37) -> 18
... A33: Ditommaso Davide | B33: M/C | C33: 10 | D33: =C33*4 -> 40 | E33: Phoenix | F33: =VLOOKUP('RIEPIOGO TOTALI'!A33,'RIEPILOGO PARTITE'!A:AG,10,0) -> 658 | G33: =VLOOKUP('RIEPIOGO TOTALI'!A33,'RIEPILOGO PARTITE'!A:AG,15,0) -> 782 | H33: =VLOOKUP('RIEPIOGO TOTALI'!A33,'RIEPILOGO PARTITE'!A:AG,20,0) -> 719 | I33: =VLOOKUP('RIEPIOGO TOTALI'!A33,'RIEPILOGO PARTITE'!A:AG,25,0) -> 736 | J33: =VLOOKUP('RIEPIOGO TOTALI'!A33,'RIEPILOGO PARTITE'!A:AG,30,0) -> 40 | K33: =VLOOKUP('RIEPIOGO TOTALI'!A33,'RIEPILOGO PARTITE'!A:AG,33,0) -> 2935 | L33: =_xlfn.RANK.EQ(K33,K$2:K$37) -> 10
A34: GalifI Croberto | B34: M/C | C34: 10 | D34: =C34*4 -> 40 | E34: Cobra | F34: =VLOOKUP('RIEPIOGO TOTALI'!A34,'RIEPILOGO PARTITE'!A:AG,10,0) -> 638 | G34: =VLOOKUP('RIEPIOGO TOTALI'!A34,'RIEPILOGO PARTITE'!A:AG,15,0) -> 713 | H34: =VLOOKUP('RIEPIOGO TOTALI'!A34,'RIEPILOGO PARTITE'!A:AG,20,0) -> 679 | I34: 40 | J34: =VLOOKUP('RIEPIOGO TOTALI'!A34,'RIEPILOGO PARTITE'!A:AG,30,0) -> 40 | K34: =VLOOKUP('RIEPIOGO TOTALI'!A34,'RIEPILOGO PARTITE'!A:AG,33,0) -> 2110 | L34: =_xlfn.RANK.EQ(K34,K$2:K$37) -> 31
A35: Fecchio Antonio | B35: M/D | C35: 15 | D35: =C35*4 -> 60 | E35: Lions | F35: =VLOOKUP('RIEPIOGO TOTALI'!A35,'RIEPILOGO PARTITE'!A:AG,10,0) -> 638 | G35: =VLOOKUP('RIEPIOGO TOTALI'!A35,'RIEPILOGO PARTITE'!A:AG,15,0) -> 646 | H35: =VLOOKUP('RIEPIOGO TOTALI'!A35,'RIEPILOGO PARTITE'!A:AG,20,0) -> 612 | I35: =VLOOKUP('RIEPIOGO TOTALI'!A35,'RIEPILOGO PARTITE'!A:AG,25,0) -> 60 | J35: =VLOOKUP('RIEPIOGO TOTALI'!A35,'RIEPILOGO PARTITE'!A:AG,30,0) -> 60 | K35: =VLOOKUP('RIEPIOGO TOTALI'!A35,'RIEPILOGO PARTITE'!A:AG,33,0) -> 2016 | L35: =_xlfn.RANK.EQ(K35,K$2:K$37) -> 32
A36: Moscardi Antonio | B36: M/C | C36: 10 | D36: =C36*4 -> 40 | E36: Silver Horse | F36: =VLOOKUP('RIEPIOGO TOTALI'!A36,'RIEPILOGO PARTITE'!A:AG,10,0) -> 814 | G36: =VLOOKUP('RIEPIOGO TOTALI'!A36,'RIEPILOGO PARTITE'!A:AG,15,0) -> 759 | H36: =VLOOKUP('RIEPIOGO TOTALI'!A36,'RIEPILOGO PARTITE'!A:AG,20,0) -> 688 | I36: =VLOOKUP('RIEPIOGO TOTALI'!A36,'RIEPILOGO PARTITE'!A:AG,25,0) -> 721 | J36: =VLOOKUP('RIEPIOGO TOTALI'!A36,'RIEPILOGO PARTITE'!A:AG,30,0) -> 40 | K36: =VLOOKUP('RIEPIOGO TOTALI'!A36,'RIEPILOGO PARTITE'!A:AG,33,0) -> 3022 | L36: =_xlfn.RANK.EQ(K36,K$2:K$37) -> 8
A37: Redaelli Roberto | B37: M/B | C37: 5 | D37: 20 | E37: Phoenix | F37: =VLOOKUP('RIEPIOGO TOTALI'!A37,'RIEPILOGO PARTITE'!A:AG,10,0) -> 790 | G37: =VLOOKUP('RIEPIOGO TOTALI'!A37,'RIEPILOGO PARTITE'!A:AG,15,0) -> 851 | H37: =VLOOKUP('RIEPIOGO TOTALI'!A37,'RIEPILOGO PARTITE'!A:AG,20,0) -> 826 | I37: =VLOOKUP('RIEPIOGO TOTALI'!A37,'RIEPILOGO PARTITE'!A:AG,25,0) -> 821 | J37: =VLOOKUP('RIEPIOGO TOTALI'!A37,'RIEPILOGO PARTITE'!A:AG,30,0) -> 20 | K37: =VLOOKUP('RIEPIOGO TOTALI'!A37,'RIEPILOGO PARTITE'!A:AG,33,0) -> 3308 | L37: =_xlfn.RANK.EQ(K37,K$2:K$37) -> 1

Sheet CLASSIFICA ORDINATA PER POSIZIO
A1: GIOCATORI | B1: CAT. | C1: HDP+5 PER LE DONNE | D1: totale hdp x 4 partite | E1: AS | F1: 1 | G1: 2 | H1: 3 | I1: 4 | J1: 5 | K1: TOTALE CON HDP | L1: classifica
A2: Redaelli Roberto | B2: M/B | C2: 5 | D2: 20 | E2: Phoenix | F2: 790 | G2: 851 | H2: 826 | I2: 821 | J2: 20 | K2: 3308 | L2: 1
A3: Naimoli Fabrizio | B3: M/A | C3: 0 | D3: 0 | E3: Phoenix | F3: 851 | G3: 917 | H3: 749 | I3: 775 | J3: 0 | K3: 3292 | L3: 2
A4: Paul Russel Es | B4: M/C | C4: 10 | D4: 40 | E4: Cobra | F4: 868 | G4: 921 | H4: 723 | I4: 722 | J4: 40 | K4: 3234 | L4: 3
A5: Brunati Luigi | B5: M/C | C5: 10 | D5: 40 | E5: Silver Horse | F5: 892 | G5: 663 | H5: 711 | I5: 811 | J5: 40 | K5: 3117 | L5: 4
A6: De Castro Ronaldo | B6: M/C | C6: 10 | D6: 40 | E6: Cobra | F6: 808 | G6: 871 | H6: 696 | I6: 740 | J6: 40 | K6: 3115 | L6: 5
A7: De Castro Aileen | B7: F/D | C7: 30 | D7: 120 | E7: Cobra | F7: 777 | G7: 715 | H7: 716 | I7: 762 | J7: 120 | K7: 3090 | L7: 6
A8: Radice Mario | B8: M/C | C8: 10 | D8: 40 | E8: Silver Horse | F8: 729 | G8: 748 | H8: 791 | I8: 758 | J8: 40 | K8: 3066 | L8: 7
A9: Moscardi Antonio | B9: M/C | C9: 10 | D9: 40 | E9: Silver Horse | F9: 814 | G9: 759 | H9: 688 | I9: 721 | J9: 40 | K9: 3022 | L9: 8
A10: Maroni Michela | B10: F/D | C10: 30 | D10: 120 | E10: Phoenix | F10: 679 | G10: 784 | H10: 703 | I10: 653 | J10: 120 | K10: 2939 | L10: 9
A11: Ditommaso Davide | B11: M/C | C11: 10 | D11: 40 | E11: Phoenix | F11: 658 | G11: 782 | H11: 719 | I11: 736 | J11: 40 | K11: 2935 | L11: 10
A12: Reduzzi Stefania | B12: F/B | C12: 20 | D12: 80 | E12: Phoenix | F12: 743 | G12: 693 | H12: 733 | I12: 657 | J12: 80 | K12: 2906 | L12: 11
A13: Presta Antonio | B13: M/C | C13: 10 | D13: 40 | E13: Silver Horse | F13: 706 | G13: 742 | H13: 645 | I13: 742 | J13: 40 | K13: 2875 | L13: 12
... A37: Giuffrida Alfio | B37: M/C | C37: 10 | D37: 40 | E37: Cobra | F37: 707 | G37: 709 | H37: 40 | I37: 40 | J37: 40 | K37: 1536 | L37: 36
